{
  "color": {
    "fx": 636.1500244140625,
    "fy": 635.4903564453125,
    "cx": 638.8922119140625,
    "cy": 372.4610290527344
  },
  "depth": {
    "fx": 647.6350708007812,
    "fy": 647.6350708007812,
    "cx": 638.4173583984375,
    "cy": 364.5890197753906
  },
  "extrinsics": {
    "rotation": [
      0.9999997615814209,
      -0.0005280483746901155,
      -0.00042042171116918325,
      0.0005268727545626462,
      0.9999959468841553,
      -0.0027915232349187136,
      0.0004218940739519894,
      0.0027913011144846678,
      0.9999960064888
    ],
    "translation": [
      -0.05916314944624901,
      3.085900243604556e-05,
      0.00033550136140547693
    ]
  },
  "width": 1280,
  "height": 720
}