{
  "color": {
    "fx": 642.6116943359375,
    "fy": 641.61376953125,
    "cx": 621.02587890625,
    "cy": 365.2001037597656
  },
  "depth": {
    "fx": 646.0327758789062,
    "fy": 646.0327758789062,
    "cx": 640.82568359375,
    "cy": 359.219482421875
  },
  "extrinsics": {
    "rotation": [
      0.9999920129776001,
      0.0023568239994347095,
      -0.003235896583646536,
      -0.002356845187023282,
      0.9999971985816956,
      -2.722685849221307e-06,
      0.0032358812168240547,
      1.034917113429401e-05,
      0.9999947547912598
    ],
    "translation": [
      -0.059195518493652344,
      -0.00010823582852026448,
      0.0004819116438739002
    ]
  },
  "width": 1280,
  "height": 720
}