{
  "color": {
    "fx": 635.6363525390625,
    "fy": 635.0946655273438,
    "cx": 647.01708984375,
    "cy": 361.71905517578125
  },
  "depth": {
    "fx": 642.7190551757812,
    "fy": 642.7190551757812,
    "cx": 642.3160400390625,
    "cy": 361.67474365234375
  },
  "extrinsics": {
    "rotation": [
      0.9999999403953552,
      -9.763468551682308e-05,
      0.00033947083284147084,
      9.816519741434604e-05,
      0.9999987483024597,
      -0.0015630993293598294,
      -0.00033931780490092933,
      0.001563132624141872,
      0.9999987483024597
    ],
    "translation": [
      -0.059261471033096313,
      -4.720314245787449e-05,
      0.000354592630174011
    ]
  },
  "width": 1280,
  "height": 720
}