{
  "color": {
    "fx": 631.3741455078125,
    "fy": 630.8992309570312,
    "cx": 646.1089477539062,
    "cy": 382.60455322265625
  },
  "depth": {
    "fx": 639.9788208007812,
    "fy": 639.9788208007812,
    "cx": 637.27978515625,
    "cy": 355.98736572265625
  },
  "extrinsics": {
    "rotation": [
      0.9999989867210388,
      0.0009042321471497416,
      -0.001092387712560594,
      -0.0009054278489202261,
      0.9999989867210388,
      -0.0010946220718324184,
      0.0010913967853412032,
      0.0010956099722534418,
      0.9999988079071045
    ],
    "translation": [
      -0.059087421745061874,
      3.674819708976429e-06,
      0.00031359761487692595
    ]
  },
  "width": 1280,
  "height": 720
}