{
  "color": {
    "fx": 631.6813354492188,
    "fy": 631.0404663085938,
    "cx": 638.7667236328125,
    "cy": 364.1677551269531
  },
  "depth": {
    "fx": 642.5800170898438,
    "fy": 642.5800170898438,
    "cx": 639.9898681640625,
    "cy": 359.3479309082031
  },
  "extrinsics": {
    "rotation": [
      0.9999868273735046,
      0.002948226174339652,
      -0.00420512817800045,
      -0.002957867691293359,
      0.9999930262565613,
      -0.0022884199861437082,
      0.004198351874947548,
      0.0023008279968053102,
      0.9999885559082031
    ],
    "translation": [
      -0.05899285152554512,
      -0.0001811352849472314,
      0.0004306255141273141
    ]
  },
  "width": 1280,
  "height": 720
}