{
  "color": {
    "fx": 634.8018798828125,
    "fy": 634.0687255859375,
    "cx": 640.7884521484375,
    "cy": 356.985595703125
  },
  "depth": {
    "fx": 647.9818725585938,
    "fy": 647.9818725585938,
    "cx": 647.5362548828125,
    "cy": 350.48431396484375
  },
  "extrinsics": {
    "rotation": [
      0.9999964237213135,
      -0.0002762822259683162,
      -0.0026516502257436514,
      0.00026149710174649954,
      0.9999844431877136,
      -0.005574552342295647,
      0.0026531489565968513,
      0.005573838949203491,
      0.9999809265136719
    ],
    "translation": [
      -0.05900498479604721,
      8.524718577973545e-05,
      0.00040947634261101484
    ]
  },
  "width": 1280,
  "height": 720
}