{
  "color": {
    "fx": 644.0650634765625,
    "fy": 643.2190551757812,
    "cx": 641.099853515625,
    "cy": 367.9971008300781
  },
  "depth": {
    "fx": 650.7821044921875,
    "fy": 650.7821044921875,
    "cx": 650.52001953125,
    "cy": 368.63726806640625
  },
  "extrinsics": {
    "rotation": [
      0.9999961256980896,
      0.0010105794062837958,
      -0.0025873766280710697,
      -0.0010194480419158936,
      0.999993622303009,
      -0.003428640076890588,
      0.0025838951114565134,
      0.0034312645439058542,
      0.9999907612800598
    ],
    "translation": [
      -0.059173811227083206,
      7.05730271874927e-05,
      0.0004976164782419801
    ]
  },
  "width": 1280,
  "height": 720
}